id,latitude,longitude,area,population,density,adjacent
0,43.51,118.25,783,5401744,6898,[355]
1,8.62,-17.7,832,8373210,10063,"[80, 970, 66]"
2,-12.98,-46.78,955,1358910,1422,"[218, 865, 950]"
3,-69.03,137.16,863,9780829,11333,"[798, 346, 672]"
4,-32.87,-23.04,312,457155,1465,"[836, 728]"
5,-49.97,24.13,897,9651734,10760,"[180, 337, 127]"
6,-62.05,-8.92,973,2694177,2768,[458]
7,-50.69,56.53,24,1261088,52545,[484]
8,-84.4,-121.61,148,9933658,67119,"[696, 479, 173]"
9,-31.69,-54.37,819,8277922,10107,"[329, 525]"
10,-83.47,-82.73,944,7646752,8100,"[173, 302]"
11,-46.44,-26.37,315,4483425,14233,"[246, 434]"
12,-39.27,168.05,116,9143888,78826,[266]
13,-49.31,118.46,129,988156,7660,"[493, 101, 991]"
14,72.59,-64.93,280,1334313,4765,[800]
15,-89.39,138.37,811,957225,1180,[28]
16,87.14,101.68,406,4708125,11596,[885]
17,29.74,-120.07,292,9760271,33425,"[603, 840, 256]"
18,-15.61,-66.62,104,741083,7125,[700]
19,32.24,-161.72,674,1962188,2911,[489]
20,49.88,-117.78,83,3400728,40972,"[481, 455, 781]"
21,-39.89,-129.67,923,1301055,1409,[152]
22,-69.36,78.68,360,7867165,21853,"[69, 425, 984]"
23,20.09,-115.65,518,2939506,5674,[230]
24,43.6,-36.11,407,5795706,14240,"[932, 956]"
25,-51.63,-141.58,191,8588402,44965,"[801, 681]"
26,17.74,-139.56,781,3068754,3929,[861]
27,-2.5,149.63,501,9759067,19479,"[282, 491, 578]"
28,-89.87,141.23,690,6902391,10003,[569]
29,40.87,34.76,313,4391151,14029,"[485, 167, 843]"
30,-75.9,-64.48,868,538564,620,[967]
31,6.74,133.07,576,561185,974,"[328, 589]"
32,-0.21,-134.48,802,2983368,3719,[239]
33,-13.56,89.49,438,1783857,4072,[353]
34,64.25,156.04,247,2626995,10635,"[477, 141]"
35,-73.88,-70.17,880,4199509,4772,"[30, 967, 748]"
36,2.7,-0.85,684,2881440,4212,"[456, 495]"
37,-13.04,107.72,930,9351240,10055,"[212, 47]"
38,21.6,-174.9,627,9322079,14867,"[291, 537]"
39,82.25,-30.97,666,5934808,8911,"[401, 131]"
40,61.26,100.55,12,5757653,479804,"[154, 593]"
41,31.24,-102.13,375,698442,1862,[410]
42,-55.63,168.32,656,9235568,14078,[945]
43,10.93,145.12,778,4256209,5470,[544]
44,54.81,-35.55,397,392085,987,"[851, 452]"
45,-52.77,-155.02,367,7089930,19318,"[68, 785, 248]"
46,36.93,-15.04,525,933769,1778,[160]
47,-16.68,104.33,825,1176964,1426,[212]
48,-51.82,1.17,686,4494171,6551,[652]
49,75.37,-142.82,781,7672737,9824,[331]
50,11.67,30.59,785,2777670,3538,"[898, 782, 879]"
51,62.81,118.06,333,3038890,9125,"[853, 255]"
52,16.19,-123.34,170,2555122,15030,[527]
53,33.11,-59.68,519,4054890,7812,[565]
54,48.79,-141.42,705,606753,860,"[393, 868, 859]"
55,25.19,-0.16,540,718486,1330,"[998, 421, 322]"
56,71.05,148.71,395,3073664,7781,"[863, 922]"
57,-32.2,-2.8,361,4426147,12260,"[837, 745, 900]"
58,-79.46,-122.21,725,3858439,5321,"[448, 595]"
59,53.95,-16.9,965,132969,137,"[387, 320]"
60,-22.54,171.16,617,4391765,7117,[655]
61,12.98,51.8,821,9099669,11083,"[659, 251, 499]"
62,87.45,35.81,258,5498289,21311,"[638, 959]"
63,81.24,-99.01,706,3465997,4909,[761]
64,-20.94,-66.36,464,9201436,19830,"[607, 482]"
65,30.0,-107.67,365,2183592,5982,[41]
66,10.97,-12.78,954,3302885,3462,[970]
67,20.01,-96.35,71,6902758,97221,"[559, 721]"
68,-49.83,-153.04,797,9897893,12418,"[45, 731, 190]"
69,-67.37,76.52,622,5306377,8531,"[425, 22, 984]"
70,65.86,-50.9,62,2798431,45135,[594]
71,18.09,-83.93,277,3746584,13525,"[709, 137, 789]"
72,81.9,65.24,494,9902951,20046,[627]
73,-11.07,-57.21,654,9393065,14362,[164]
74,-16.8,91.59,727,7907271,10876,"[353, 33]"
75,-44.13,-62.31,49,5644569,115195,"[633, 371, 271]"
76,87.42,175.57,39,6217508,159423,"[618, 799]"
77,70.82,111.81,301,8706197,28924,"[129, 643]"
78,-25.1,53.45,459,3559315,7754,"[839, 541, 887]"
79,12.05,-52.56,369,2542684,6890,"[835, 896, 475]"
80,9.31,-22.42,755,2674782,3542,[316]
81,-62.69,-137.31,67,3902950,58252,[310]
82,-53.66,-116.89,978,26185,26,"[215, 419, 829]"
83,-12.41,131.82,618,1562287,2527,[802]
84,-59.66,-90.99,730,2579795,3533,"[875, 808, 534]"
85,-39.25,-146.76,715,2329404,3257,[716]
86,17.28,40.63,432,5126668,11867,"[729, 933, 251]"
87,-34.56,-124.41,838,4484641,5351,[252]
88,59.18,-138.12,27,8312674,307876,"[548, 274, 714]"
89,20.44,165.91,126,866539,6877,"[546, 454, 978]"
90,-2.96,-141.34,445,8540906,19193,"[775, 520]"
91,64.93,128.26,452,5710575,12634,"[333, 553, 853]"
92,56.89,2.85,846,5664798,6695,"[351, 726]"
93,-11.67,60.14,23,5922829,257514,"[740, 693, 929]"
94,-48.76,-106.53,693,4780561,6898,"[419, 651]"
95,73.48,-2.6,389,7535802,19372,"[254, 424, 680]"
96,-51.59,106.12,248,9801390,39521,"[300, 476]"
97,64.7,113.76,647,2012364,3110,"[51, 853, 129]"
98,35.11,-45.44,480,6879797,14332,"[956, 431]"
99,-77.77,141.7,334,2693226,8063,"[200, 532]"
100,-15.82,164.17,995,6884647,6919,"[235, 655, 359]"
101,-48.32,124.55,744,5265239,7076,[13]
102,36.46,-145.49,485,2605917,5373,[602]
103,-47.16,-172.73,101,1112442,11014,"[592, 558]"
104,63.6,-55.03,979,3561961,3638,[383]
105,-9.64,-152.02,302,8165884,27039,"[977, 292]"
106,-56.76,-140.83,959,8311843,8667,"[681, 296, 25]"
107,-34.49,25.41,754,7570802,10040,[554]
108,-77.42,83.38,797,9736977,12217,[157]
109,-39.61,10.9,166,3331592,20069,"[369, 900, 273]"
110,56.45,127.66,970,5587829,5760,"[772, 579]"
111,-88.95,76.16,89,2782133,31259,[15]
112,1.19,74.47,681,1970747,2893,[465]
113,15.49,-109.57,82,5630923,68669,"[831, 279, 191]"
114,-7.05,89.78,986,6903078,7001,"[343, 33]"
115,-55.26,-60.81,727,410434,564,[271]
116,78.03,36.36,690,4634514,6716,"[521, 899, 796]"
117,56.72,-151.88,22,3109911,141359,[617]
118,-5.98,49.58,630,4202865,6671,[427]
119,64.84,51.26,42,2312522,55060,"[257, 845, 766]"
120,-82.18,8.69,769,8084314,10512,"[309, 703]"
121,-55.63,66.6,376,2104181,5596,"[780, 228, 484]"
122,-73.59,42.42,906,502721,554,"[428, 388]"
123,-75.62,119.15,249,1530087,6144,"[963, 532]"
124,38.16,50.43,372,6477421,17412,[916]
125,-8.58,118.42,986,6538073,6630,"[764, 275, 841]"
126,59.03,-90.91,245,3097746,12643,[934]
127,-46.07,16.54,12,3351976,279331,"[754, 180]"
128,70.35,135.41,894,1130212,1264,[153]
129,68.48,114.44,329,9148927,27808,"[77, 97]"
130,-67.48,116.12,291,1481465,5090,[722]
131,82.08,-36.23,382,8815547,23077,[401]
132,20.93,78.95,920,3345314,3636,"[777, 368]"
133,-45.94,-10.96,301,2189750,7274,"[570, 915]"
134,-84.92,89.04,103,3734939,36261,"[894, 965]"
135,-81.21,-100.72,803,1157789,1441,"[173, 547, 10]"
136,-36.43,136.42,998,1072074,1074,[883]
137,24.09,-81.8,357,4080246,11429,[196]
138,-40.06,126.06,786,1374293,1748,"[362, 773, 149]"
139,89.59,98.22,223,735631,3298,"[774, 354]"
140,-32.24,-28.34,656,6053402,9227,[836]
141,62.03,154.26,339,7276479,21464,"[34, 844, 477]"
142,-53.9,166.23,835,5844971,6999,"[42, 945, 471]"
143,-43.51,90.86,344,1359842,3953,[299]
144,-40.34,89.8,667,4118150,6174,"[219, 506]"
145,-20.39,-24.77,785,8582078,10932,[975]
146,-40.08,69.6,924,7558200,8179,"[572, 443]"
147,69.23,-88.41,316,3607602,11416,[473]
148,85.97,154.24,794,3412396,4297,"[288, 799, 381]"
149,-41.2,121.14,845,4973789,5886,"[991, 138]"
150,43.01,-160.12,72,8228880,114290,[363]
151,29.74,-168.42,50,302393,6047,"[338, 187]"
152,-44.46,-130.05,881,412124,467,"[21, 460, 701]"
153,72.38,131.42,725,2484281,3426,"[128, 863]"
154,56.08,95.24,577,1293482,2241,[713]
155,24.34,-133.88,291,7170517,24640,"[823, 819, 988]"
156,40.67,87.71,111,3827106,34478,[587]
157,-76.1,85.39,674,9188518,13632,"[221, 108, 511]"
158,35.09,-66.27,217,3938690,18150,[203]
159,63.57,-36.83,37,5175225,139870,"[334, 472, 244]"
160,40.76,-19.4,888,5010754,5642,[688]
161,87.35,-94.48,315,7754949,24618,"[943, 335, 955]"
162,-75.32,170.7,721,4948605,6863,"[892, 564]"
163,14.59,74.38,566,5692071,10056,"[644, 417, 368]"
164,-10.7,-56.07,253,1277491,5049,[73]
165,53.8,50.47,715,1580097,2209,"[294, 536, 889]"
166,5.75,-125.2,723,3504054,4846,[958]
167,33.56,34.54,837,712489,851,"[267, 662, 29]"
168,-4.98,-119.71,292,8353251,28607,[418]
169,34.5,-30.43,120,6673436,55611,"[415, 431]"
170,-13.14,-0.77,381,7081678,18587,"[533, 866, 806]"
171,52.1,20.28,105,4540267,43240,[622]
172,-4.93,-80.19,330,5443498,16495,"[194, 270]"
173,-82.68,-89.45,163,5862937,35968,[10]
174,21.93,18.24,514,8260234,16070,"[378, 782, 759]"
175,7.19,-176.2,257,1158723,4508,[262]
176,-85.68,34.91,869,2215896,2549,[985]
177,-71.46,44.89,603,6673858,11067,"[428, 388]"
178,-48.81,-76.12,662,5984640,9040,[871]
179,-41.4,96.96,447,8387842,18764,"[429, 441, 299]"
180,-49.54,20.05,51,2426230,47573,[5]
181,26.68,-176.42,567,1190119,2098,"[537, 38, 260]"
182,43.85,114.07,913,1888983,2068,"[0, 355]"
183,-30.33,-162.11,860,307017,356,"[199, 878]"
184,31.53,-135.36,342,3675717,10747,[988]
185,-86.92,-35.04,283,3501182,12371,"[925, 492, 751]"
186,-43.2,-36.28,645,9941488,15413,"[246, 856]"
187,32.37,-172.58,990,7530946,7607,"[914, 151, 181]"
188,66.43,-82.64,925,8310045,8983,"[473, 147]"
189,42.58,12.37,434,907065,2090,[888]
190,-46.82,-163.07,889,1923705,2163,[407]
191,19.74,-104.16,290,2902165,10007,"[405, 559, 279]"
192,12.3,102.25,67,6499778,97011,"[663, 891, 828]"
193,-53.5,-25.99,856,2395726,2798,"[598, 635, 11]"
194,-3.14,-77.0,648,4834523,7460,"[440, 172]"
195,4.45,-120.57,237,9192464,38786,"[958, 166, 512]"
196,25.55,-81.53,768,5751530,7488,"[137, 938]"
197,29.81,-145.53,711,7197008,10122,"[205, 602, 102]"
198,2.28,83.18,683,1831278,2681,"[480, 112, 980]"
199,-24.99,-160.24,704,8611048,12231,"[183, 878]"
200,-79.49,151.44,790,5871671,7432,[99]
201,-42.11,8.6,267,3995076,14962,[369]
202,-23.66,142.26,470,5106633,10865,[864]
203,37.05,-62.79,834,6839915,8201,[158]
204,-2.03,48.85,9,7431257,825695,[427]
205,31.15,-147.8,319,5510715,17274,[197]
206,-83.15,-18.09,775,1104409,1425,"[380, 309]"
207,19.97,171.5,371,6427025,17323,"[741, 978]"
208,24.73,-23.09,313,5830556,18627,"[330, 231, 517]"
209,83.13,144.14,217,2020017,9308,[288]
210,-69.67,-51.1,616,7267612,11798,"[588, 884]"
211,-63.66,129.75,624,7522719,12055,[672]
212,-16.22,108.26,801,1366488,1705,"[37, 47]"
213,50.44,-158.58,447,6533001,14615,[264]
214,45.74,104.87,993,52393,52,"[948, 626, 182]"
215,-54.7,-121.57,47,3190347,67879,[82]
216,80.73,153.94,403,4607675,11433,"[209, 312]"
217,-27.94,161.37,802,6320479,7880,"[678, 976]"
218,-11.11,-46.13,691,7792262,11276,"[2, 865, 950]"
219,-39.19,86.73,231,7282787,31527,[144]
220,38.56,151.61,966,9579249,9916,[689]
221,-75.69,88.15,169,4052289,23978,"[157, 108, 511]"
222,-87.87,0.75,65,4100335,63082,"[986, 925]"
223,-43.46,169.02,940,2348565,2498,[266]
224,30.93,-73.59,923,2537844,2749,"[601, 710, 158]"
225,7.34,153.89,960,7875578,8203,"[345, 578]"
226,-4.04,-36.25,40,7105711,177642,[661]
227,-73.62,-166.12,543,6872982,12657,"[467, 564, 892]"
228,-57.95,65.86,335,6909989,20626,"[780, 121, 733]"
229,-0.17,8.29,808,730938,904,[561]
230,19.32,-118.18,618,7219548,11682,[527]
231,16.76,-21.77,21,9525200,453580,[316]
232,-4.11,129.11,177,2658376,15019,"[778, 414, 589]"
233,-8.59,-162.85,662,3211389,4851,"[292, 413, 636]"
234,-74.73,-10.87,616,5116670,8306,"[325, 438]"
235,-14.74,168.94,454,4713882,10383,"[869, 100]"
236,-20.51,77.34,121,1852218,15307,"[983, 276]"
237,55.35,34.02,28,8504294,303724,"[889, 536]"
238,18.86,-32.39,367,2976979,8111,[503]
239,3.82,-135.69,324,3932116,12136,"[910, 32, 520]"
240,70.09,-125.74,880,824932,937,"[625, 278]"
241,-18.31,175.81,505,4519368,8949,[567]
242,47.42,-174.01,679,5233402,7707,"[459, 363]"
243,66.97,-59.2,833,370310,444,"[931, 594]"
244,62.34,-27.43,373,6039725,16192,"[904, 535, 669]"
245,56.35,-162.0,383,9646313,25186,"[591, 617, 117]"
246,-42.34,-29.68,51,3541578,69442,[434]
247,-61.21,-40.18,902,3489164,3868,[628]
248,-49.86,-164.44,20,4517843,225892,"[407, 190]"
249,74.01,100.88,159,5651447,35543,"[643, 77, 453]"
250,6.36,162.1,490,5112014,10432,"[225, 289, 454]"
251,6.82,43.22,95,8808737,92723,"[498, 659]"
252,-34.46,-128.93,76,2314972,30460,"[87, 568]"
253,56.54,-56.81,777,7206207,9274,"[708, 305, 907]"
254,72.36,-4.79,797,7311370,9173,"[95, 424]"
255,60.47,117.39,410,1637899,3994,"[51, 772]"
256,36.79,-120.07,583,5109198,8763,[840]
257,64.93,48.14,709,5954566,8398,"[119, 845]"
258,-74.69,64.81,879,7034068,8002,"[936, 996]"
259,47.76,119.35,562,4735740,8426,"[355, 0]"
260,28.91,178.1,454,9936469,21886,"[181, 537, 914]"
261,-38.41,143.81,2,5385923,2692961,"[883, 918, 529]"
262,10.18,-174.26,26,5039527,193827,"[175, 411, 738]"
263,-16.99,68.0,420,4606579,10968,[397]
264,48.55,-156.47,206,821447,3987,[213]
265,-0.08,59.15,537,4279066,7968,[693]
266,-42.02,167.66,47,5934120,126257,"[223, 12, 632]"
267,27.8,30.68,977,7403360,7577,"[933, 167]"
268,-5.34,-38.53,70,6917896,98827,"[226, 661]"
269,-78.8,35.34,864,4755705,5504,"[604, 703]"
270,-2.12,-82.79,621,5761349,9277,[172]
271,-52.2,-62.93,603,1727701,2865,"[115, 633]"
272,-0.85,99.13,340,9425810,27722,"[339, 980, 739]"
273,-41.32,14.0,491,7098632,14457,"[369, 109]"
274,58.99,-146.22,269,1762546,6552,"[714, 117]"
275,-13.97,118.65,160,7166494,44790,"[841, 764]"
276,-27.83,75.52,541,800930,1480,[236]
277,75.48,-53.31,413,6806598,16480,"[949, 893]"
278,73.77,-129.92,820,5518960,6730,"[331, 49, 240]"
279,18.75,-109.47,501,2953333,5894,[113]
280,49.43,160.29,404,9806050,24272,"[704, 844, 315]"
281,3.68,-167.23,959,913806,952,"[738, 413, 470]"
282,-5.03,154.75,998,9856075,9875,"[403, 27]"
283,-28.17,-116.87,564,6775826,12013,"[923, 392, 87]"
284,-44.44,147.68,861,9639427,11195,[692]
285,-71.92,-138.83,421,2325392,5523,[962]
286,-57.72,89.31,945,2934543,3105,"[735, 974]"
287,-58.01,111.8,486,4239503,8723,[612]
288,84.61,149.68,802,3688824,4599,"[148, 209]"
289,-2.75,162.39,606,4511797,7445,[403]
290,-68.06,-63.94,907,9017048,9941,"[509, 210, 588]"
291,20.65,-177.9,683,816879,1196,"[537, 38, 614]"
292,-14.87,-159.9,855,3569325,4174,[233]
293,52.29,-84.21,428,9132626,21337,"[468, 514, 436]"
294,48.81,50.42,203,3183276,15681,"[536, 165]"
295,-30.87,89.48,446,8059608,18070,[679]
296,-57.34,-136.21,225,275308,1223,"[106, 463, 681]"
297,69.88,-37.49,167,6616983,39622,"[784, 860, 396]"
298,67.0,73.02,407,7166816,17608,[849]
299,-43.56,91.02,781,9594229,12284,[143]
300,-49.69,102.18,883,8075707,9145,[96]
301,-53.27,-96.21,572,4864263,8503,"[969, 497, 84]"
302,-83.26,-71.45,432,5345280,12373,[10]
303,-61.33,40.03,514,8327657,16201,"[358, 723, 795]"
304,-76.05,-99.29,503,5346817,10629,[522]
305,59.11,-67.65,338,3998817,11830,"[935, 253]"
306,68.39,19.32,59,4571627,77485,[680]
307,84.59,60.07,586,2080932,3551,"[72, 605, 627]"
308,27.57,52.84,128,6731364,52588,"[342, 611, 838]"
309,-83.47,6.56,31,1546296,49880,[120]
310,-61.35,-131.23,593,9568638,16135,"[311, 81, 463]"
311,-61.15,-129.42,24,9539311,397471,[310]
312,82.88,173.62,425,9158343,21549,"[288, 216]"
313,28.39,-51.51,238,5513569,23166,[475]
314,10.15,-9.55,503,2904256,5773,"[665, 970]"
315,59.19,149.07,719,4685090,6516,"[844, 752, 732]"
316,12.89,-22.39,394,2973184,7546,"[80, 231]"
317,-4.83,170.14,536,7046371,13146,"[750, 359, 869]"
318,14.91,120.1,974,3557105,3652,"[483, 374]"
319,63.8,-124.37,469,2382808,5080,"[694, 625]"
320,48.42,-12.31,94,8682453,92366,"[972, 688, 59]"
321,-32.64,39.88,685,9534158,13918,"[494, 749]"
322,14.5,2.55,244,3991016,16356,"[830, 998]"
323,30.8,129.76,57,3530629,61940,"[660, 399, 816]"
324,75.36,-162.01,503,6638592,13197,[344]
325,-71.09,-0.94,143,5724852,40033,"[518, 438, 234]"
326,2.06,-75.78,376,66074,175,"[730, 440, 445]"
327,1.07,-109.19,649,9708535,14959,[370]
328,1.81,132.28,232,1619104,6978,"[589, 414]"
329,-27.56,-57.96,607,1290685,2126,"[788, 855, 9]"
330,25.94,-28.01,145,2092486,14430,[208]
331,76.98,-132.31,952,5441137,5715,"[49, 278]"
332,-28.87,-40.26,524,5511534,10518,[526]
333,62.58,128.77,10,1207379,120737,"[91, 853]"
334,63.41,-38.63,142,3708313,26114,[159]
335,85.4,-98.02,544,1831181,3366,"[161, 423, 917]"
336,53.51,109.97,668,2794498,4183,"[948, 772, 255]"
337,-46.46,27.95,499,3893875,7803,"[5, 180, 939]"
338,29.34,-164.13,119,8229753,69157,[19]
339,-4.25,101.67,348,2634495,7570,"[444, 272]"
340,49.52,138.53,54,6033186,111725,"[579, 433, 110]"
341,-32.0,130.3,576,5274721,9157,"[711, 867]"
342,26.62,50.28,789,4039192,5119,[308]
343,-7.93,88.8,717,8569813,11952,"[114, 33]"
344,76.61,-166.11,54,9813092,181723,[324]
345,12.53,150.3,430,7837046,18225,"[544, 43, 786]"
346,-72.61,137.22,729,8831483,12114,[798]
347,86.3,-15.49,944,6566616,6956,"[560, 959]"
348,34.09,51.69,16,7657514,478594,"[124, 611]"
349,87.96,154.36,303,531450,1753,"[799, 451, 76]"
350,-21.16,148.01,781,7052024,9029,[462]
351,54.88,1.97,817,3153150,3859,[726]
352,-89.24,178.96,872,3452962,3959,[600]
353,-16.72,89.5,715,793513,1109,"[74, 33, 767]"
354,89.32,132.31,693,8499551,12264,[139]
355,46.33,117.22,932,3494086,3749,"[259, 0, 182]"
356,46.04,1.54,975,3752395,3848,"[842, 631, 953]"
357,-22.62,-26.91,218,5732540,26296,"[975, 145, 719]"
358,-62.97,45.33,529,8072580,15260,"[723, 795, 303]"
359,-9.23,165.53,847,4883054,5765,[750]
360,-38.15,51.14,675,6549580,9703,[990]
361,-75.52,-46.07,634,8632293,13615,"[884, 994, 30]"
362,-39.29,127.04,898,4803192,5348,[138]
363,44.06,-165.49,995,1787474,1796,"[150, 459, 870]"
364,-67.51,177.07,211,5966246,28276,[478]
365,-66.31,34.22,960,3005650,3130,[795]
366,50.26,-53.75,729,1650447,2263,"[813, 907, 664]"
367,20.39,146.92,64,9397758,146839,[786]
368,19.94,75.29,92,682756,7421,[132]
369,-40.59,11.65,551,301747,547,"[109, 273, 201]"
370,-6.04,-107.13,333,4130440,12403,"[327, 779, 512]"
371,-46.08,-57.48,227,1066725,4699,"[75, 633]"
372,-77.49,59.96,555,262299,472,"[936, 496, 258]"
373,60.48,178.72,543,1666558,3069,[610]
374,21.66,120.61,995,5783734,5812,"[402, 660]"
375,0.77,-38.07,562,4453383,7924,[226]
376,-46.14,177.5,932,4043674,4338,"[760, 592, 223]"
377,-2.53,70.64,488,4849116,9936,[112]
378,21.76,15.7,101,714824,7077,[174]
379,-44.59,132.36,349,4945254,14169,[529]
380,-83.75,-19.11,538,6206935,11537,"[206, 575, 309]"
381,86.67,128.79,113,5795936,51291,"[16, 885]"
382,15.95,-148.67,144,7627736,52970,[906]
383,62.47,-50.57,430,8503504,19775,[666]
384,58.83,-37.71,663,3557953,5366,"[472, 452, 44]"
385,-72.88,-104.51,533,7453511,13984,"[941, 304]"
386,-69.02,-22.68,388,4478665,11542,[876]
387,57.34,-17.63,195,1240047,6359,[59]
388,-73.27,49.04,990,1263998,1276,"[428, 122, 177]"
389,35.56,-162.07,754,5640737,7481,"[489, 19, 870]"
390,-25.97,11.71,740,5501887,7434,[621]
391,71.08,-48.77,183,2986776,16321,[860]
392,-25.67,-108.07,375,9415248,25107,"[874, 283]"
393,51.95,-141.11,694,3558307,5127,[54]
394,-18.77,25.71,127,3375045,26575,"[791, 815, 621]"
395,75.68,121.28,124,1452177,11711,"[453, 854, 643]"
396,68.28,-47.07,590,7527944,12759,"[784, 594]"
397,-16.57,68.07,864,7905118,9149,"[263, 983]"
398,-60.36,51.26,263,3394469,12906,"[653, 723]"
399,27.26,120.14,617,5246664,8503,"[660, 402]"
400,-28.9,-16.28,326,1754919,5383,[728]
401,82.45,-34.27,414,4198620,10141,"[131, 39]"
402,24.12,118.02,919,1231789,1340,[374]
403,-8.88,158.63,569,1546066,2717,"[282, 491, 359]"
404,66.5,-159.25,889,4721565,5311,"[538, 543]"
405,22.48,-107.89,809,7210054,8912,"[279, 191]"
406,-22.98,-126.2,607,6625142,10914,"[758, 568, 283]"
407,-48.11,-164.93,73,1023384,14018,"[248, 190, 539]"
408,-26.9,-168.62,341,2078876,6096,"[630, 698]"
409,-40.11,-114.45,985,2360919,2396,"[651, 923, 675]"
410,27.83,-101.66,237,3983899,16809,"[41, 450]"
411,11.35,179.67,704,4243868,6028,"[926, 737]"
412,-21.04,98.88,455,5424905,11922,"[469, 47, 74]"
413,-2.2,-165.71,779,6898377,8855,[281]
414,-0.22,130.16,524,1677978,3202,[589]
415,33.31,-32.09,489,9333220,19086,"[169, 431, 956]"
416,-32.55,-33.76,297,64511,217,"[856, 140]"
417,9.75,72.51,343,2908948,8480,[644]
418,-8.62,-121.88,454,8638295,19027,"[168, 957, 852]"
419,-48.86,-113.15,20,4254305,212715,[94]
420,-13.11,-141.32,51,886375,17379,"[775, 977]"
421,33.43,7.97,335,748207,2233,[872]
422,43.74,-91.36,951,3488335,3668,[937]
423,85.12,-129.27,654,3121529,4772,[917]
424,70.62,-3.04,939,2454604,2614,[254]
425,-67.64,72.44,467,2977401,6375,"[69, 22]"
426,47.45,-26.27,436,9095779,20861,[616]
427,-6.04,48.81,326,5763008,17677,"[118, 204, 929]"
428,-72.28,47.1,659,4272483,6483,[177]
429,-39.59,98.8,477,9419045,19746,[179]
430,83.17,-135.48,715,7672696,10731,"[423, 917]"
431,35.3,-36.55,549,6016291,10958,"[956, 415]"
432,76.81,-155.08,556,8329719,14981,[324]
433,43.51,132.61,671,1442365,2149,[615]
434,-41.46,-25.33,489,4735400,9683,"[246, 11, 881]"
435,20.25,87.75,864,8356621,9672,[848]
436,55.29,-88.54,808,3189166,3946,[514]
437,-88.81,-104.81,618,9697808,15692,"[487, 797]"
438,-69.2,-11.13,155,79917,515,"[964, 325]"
439,-61.9,174.69,816,1373156,1682,[500]
440,-0.92,-78.81,214,7148363,33403,"[730, 194, 270]"
441,-43.15,93.53,303,108846,359,"[299, 143]"
442,62.76,-2.35,331,4180027,12628,"[756, 805]"
443,-48.88,65.21,10,613715,61371,"[484, 7, 121]"
444,-4.38,105.62,405,2989688,7381,"[339, 739, 272]"
445,5.39,-78.63,767,6391172,8332,"[736, 326]"
446,37.05,-179.25,927,1615240,1742,[914]
447,-4.84,-173.27,283,521893,1844,"[413, 636]"
448,-79.34,-126.81,893,8654302,9691,[58]
449,-36.49,100.2,387,5660849,14627,"[429, 179, 613]"
450,26.64,-96.62,985,6900156,7005,[721]
451,88.55,142.84,321,6241843,19444,"[885, 349, 354]"
452,57.92,-31.73,822,1026911,1249,"[384, 551]"
453,75.95,120.13,609,4378962,7190,"[395, 854]"
454,17.22,169.57,263,8603723,32713,[978]
455,53.45,-126.19,604,4171237,6906,[20]
456,-2.28,-3.47,839,9102597,10849,"[36, 866]"
457,42.53,-136.48,318,6275282,19733,[868]
458,-61.1,-2.48,415,6865384,16543,[966]
459,41.93,-170.84,973,8252034,8481,[363]
460,-50.55,-128.02,502,4411980,8788,"[215, 152]"
461,-26.07,37.63,115,5694504,49517,"[826, 494, 987]"
462,-20.78,147.93,296,3770300,12737,[350]
463,-57.91,-131.16,440,1133083,2575,"[296, 311]"
464,-68.32,-104.23,297,5971723,20106,"[634, 833]"
465,4.08,73.1,618,8391288,13578,"[112, 417]"
466,-39.32,32.78,658,9179361,13950,[939]
467,-76.46,-172.49,645,8966607,13901,"[227, 892]"
468,51.02,-87.39,350,2325554,6644,"[293, 514]"
469,-24.95,97.68,403,7671386,19035,"[412, 295]"
470,10.59,-161.26,238,962453,4043,"[738, 281]"
471,-52.35,160.01,214,1115526,5212,[971]
472,61.56,-40.15,375,5144584,13718,"[334, 159]"
473,67.13,-89.51,75,3941808,52557,[147]
474,-28.25,31.1,168,6429280,38269,"[695, 494, 461]"
475,25.02,-55.94,54,4129624,76474,"[313, 690]"
476,-47.56,106.01,572,1174720,2053,"[300, 981, 96]"
477,65.08,152.0,157,8612771,54858,"[34, 141, 706]"
478,-68.55,169.13,99,3035397,30660,"[364, 794]"
479,-83.78,-146.4,561,1105145,1969,[8]
480,2.27,85.06,787,8499138,10799,[198]
481,46.78,-120.01,101,4785385,47380,"[20, 455]"
482,-22.9,-69.63,427,6491281,15202,[607]
483,16.66,116.32,78,6128716,78573,"[318, 374]"
484,-51.43,63.84,270,1003031,3714,"[443, 121]"
485,41.27,41.71,14,70809,5057,[843]
486,-40.95,-174.97,906,1969579,2173,"[592, 103, 539]"
487,-89.42,-91.31,142,5055741,35603,"[437, 28, 569]"
488,24.37,100.26,941,6699951,7120,"[702, 828]"
489,34.12,-161.04,750,9211995,12282,"[389, 19, 870]"
490,-12.53,33.73,314,4595202,14634,"[744, 705]"
491,-10.12,151.85,506,9471675,18718,"[282, 403, 27]"
492,-87.05,-56.15,670,9597220,14324,[751]
493,-48.46,114.01,686,5384155,7848,[13]
494,-31.42,37.22,355,2978025,8388,[321]
495,3.95,-6.54,42,520225,12386,[573]
496,-80.15,57.91,748,6762324,9040,"[624, 372, 985]"
497,-47.44,-91.2,281,4105634,14610,[969]
498,2.23,43.99,949,886909,934,[251]
499,17.76,61.93,843,2066816,2451,"[838, 61]"
500,-63.43,178.9,156,6812679,43671,"[439, 364, 478]"
501,77.24,77.13,184,9210797,50058,[825]
502,-28.36,178.78,231,9294063,40234,"[567, 698]"
503,22.77,-35.05,437,7750495,17735,"[238, 330, 415]"
504,76.29,152.8,751,8085624,10766,"[742, 803, 930]"
505,49.45,-69.85,31,4884239,157556,"[919, 606, 664]"
506,-42.13,86.38,575,1202874,2091,"[219, 144]"
507,-63.16,10.02,925,864712,934,[966]
508,0.08,-68.64,90,4870628,54118,"[623, 787, 515]"
509,-68.8,-69.47,109,1595414,14636,[290]
510,74.49,173.02,591,1075372,1819,[540]
511,-77.43,94.99,370,8214188,22200,"[221, 108, 157]"
512,-0.78,-118.22,556,3489414,6275,"[168, 195]"
513,46.73,-103.34,826,1272108,1540,[609]
514,53.37,-87.76,952,1124118,1180,[436]
515,7.47,-68.23,782,158752,203,"[820, 623, 787]"
516,6.21,-85.45,12,5866992,488916,[789]
517,31.38,-17.32,123,2123399,17263,"[46, 208, 160]"
518,-68.44,1.51,61,3609164,59166,"[325, 438]"
519,-18.26,-101.67,805,9302961,11556,"[942, 874]"
520,-3.5,-137.88,433,3166657,7313,[90]
521,76.2,32.6,329,887997,2699,"[116, 899, 680]"
522,-75.91,-87.91,858,8320012,9696,"[748, 304]"
523,79.76,-119.09,983,6728162,6844,"[63, 331]"
524,-76.02,-141.46,476,1367514,2872,[528]
525,-34.94,-59.26,2,467467,233733,"[9, 329]"
526,-27.79,-45.26,397,5677620,14301,"[332, 597]"
527,17.14,-118.58,345,4478695,12981,"[230, 23]"
528,-74.4,-134.2,772,8473496,10976,"[524, 285, 595]"
529,-41.25,136.69,399,7684477,19259,[379]
530,4.6,177.96,428,9587678,22401,"[992, 175, 411]"
531,25.92,-160.44,321,4473248,13935,"[338, 687, 19]"
532,-78.84,127.56,546,6302411,11542,[963]
533,-7.13,1.61,651,8105848,12451,"[866, 170, 456]"
534,-61.65,-79.07,134,6409359,47831,"[946, 808, 84]"
535,65.44,-23.13,980,8431241,8603,"[669, 904]"
536,50.53,43.81,256,991925,3874,"[889, 294, 165]"
537,22.58,-178.77,470,7965696,16948,"[291, 38]"
538,64.92,-161.62,136,3774484,27753,[404]
539,-43.21,-166.58,502,4693154,9348,"[190, 407, 103]"
540,75.12,172.98,855,4489338,5250,[510]
541,-32.14,57.98,128,969158,7571,[78]
542,62.56,-107.13,333,7532566,22620,"[545, 694, 951]"
543,71.33,-163.92,558,3384534,6065,[324]
544,10.08,145.84,744,7431589,9988,"[43, 578, 345]"
545,65.2,-97.42,983,8282330,8425,"[951, 473, 542]"
546,21.53,169.51,794,2554593,3217,[207]
547,-82.06,-81.26,500,4045215,8090,"[173, 10]"
548,60.35,-137.93,905,8329025,9203,"[88, 274, 714]"
549,35.52,68.55,561,8908493,15879,"[640, 886, 995]"
550,89.51,-23.55,325,4414017,13581,"[955, 774]"
551,54.77,-28.74,186,8723679,46901,"[452, 44]"
552,23.62,-139.29,123,982798,7990,"[819, 988]"
553,64.86,136.48,681,456804,670,[646]
554,-36.64,25.54,982,4359775,4439,"[107, 939]"
555,73.44,-83.64,902,4696664,5206,"[747, 684]"
556,-73.86,-121.24,699,2723545,3896,"[577, 595, 528]"
557,-17.96,-60.46,269,9263523,34436,[700]
558,-52.22,-173.91,419,3190647,7614,"[103, 814]"
559,19.06,-99.17,772,5490338,7111,"[67, 191]"
560,86.56,-41.16,769,8770829,11405,"[347, 161, 550]"
561,-9.14,8.52,947,2204107,2327,"[533, 866, 229]"
562,-35.85,-82.18,373,7276586,19508,[581]
563,41.72,-108.67,70,5072728,72467,"[513, 609, 481]"
564,-74.48,176.21,872,3837705,4401,"[892, 162, 720]"
565,36.8,-56.86,492,5501816,11182,"[53, 203]"
566,-41.76,115.84,386,505408,1309,"[991, 149, 981]"
567,-24.15,176.72,526,142194,270,[502]
568,-29.36,-130.08,14,5893747,420981,"[252, 758]"
569,-89.88,97.13,396,5384859,13598,"[28, 15, 600]"
570,-48.44,-11.95,241,4255000,17655,"[133, 915, 635]"
571,38.25,-6.13,502,6739095,13424,"[46, 953, 631]"
572,-39.21,73.45,433,734495,1696,"[146, 691]"
573,5.3,-11.25,437,1117813,2557,"[495, 970, 314]"
574,67.61,-176.38,905,9142062,10101,[908]
575,-86.43,-8.2,763,695598,911,"[925, 222, 185]"
576,-55.52,17.45,531,998830,1881,[857]
577,-71.82,-125.97,397,8189701,20628,"[556, 528, 285]"
578,7.51,145.85,358,5027195,14042,"[544, 43, 345]"
579,50.7,129.24,380,5734605,15091,"[110, 340, 259]"
580,10.43,-144.51,863,8855070,10260,"[920, 585]"
581,-31.9,-82.09,344,6836624,19873,"[562, 707, 697]"
582,-18.68,136.33,738,9189487,12451,[864]
583,-21.11,-49.54,278,9329981,33561,"[597, 855]"
584,61.63,174.19,727,5604192,7708,"[783, 373]"
585,15.39,-146.29,585,9058705,15484,[382]
586,-30.37,171.0,690,4015241,5819,"[678, 502]"
587,45.07,85.51,638,3413237,5349,"[156, 886, 776]"
588,-67.19,-48.12,950,7091836,7465,"[921, 210, 884]"
589,0.06,130.66,530,1621734,3059,"[414, 328]"
590,-56.22,-39.43,69,7551915,109448,"[247, 598, 628]"
591,55.73,-161.53,292,1372706,4701,"[245, 617]"
592,-46.73,-176.93,499,652584,1307,"[103, 376]"
593,67.07,96.3,759,3829303,5045,"[882, 849, 40]"
594,67.48,-53.75,955,8308694,8700,[70]
595,-76.61,-126.76,30,3583243,119441,"[448, 528]"
596,-83.24,37.04,620,4605181,7427,[985]
597,-22.3,-44.21,357,569070,1594,"[583, 526, 332]"
598,-50.28,-32.99,356,3010954,8457,"[193, 11, 590]"
599,-67.48,-144.72,344,8126405,23623,[658]
600,-89.3,-178.36,759,7563288,9964,"[352, 15, 28]"
601,32.46,-72.85,627,4966869,7921,[224]
602,31.8,-142.29,947,5311304,5608,"[197, 205]"
603,30.42,-125.37,198,3367125,17005,"[840, 17]"
604,-79.47,15.73,806,8126953,10083,"[703, 120, 269]"
605,84.45,29.92,535,3925545,7337,"[959, 307]"
606,50.23,-71.61,716,7030838,9819,"[505, 919, 664]"
607,-20.07,-67.38,33,8185760,248053,[64]
608,-19.16,-9.47,705,1550495,2199,"[806, 913]"
609,42.41,-99.19,419,5597000,13357,"[937, 513, 422]"
610,58.49,176.3,204,2325220,11398,[373]
611,29.35,49.12,209,3167431,15155,"[342, 308, 348]"
612,-56.23,102.04,797,8411850,10554,"[974, 96, 287]"
613,-34.61,109.81,401,484987,1209,"[818, 449]"
614,20.44,177.48,380,8672679,22822,[537]
615,41.36,125.73,169,1391319,8232,"[433, 0]"
616,47.53,-27.71,781,7460671,9552,"[426, 851]"
617,55.33,-154.82,706,8777452,12432,"[117, 591]"
618,87.53,-179.83,159,8189370,51505,[76]
619,80.09,-65.57,977,2226082,2278,"[993, 656, 761]"
620,-63.7,144.14,359,4341296,12092,"[973, 672, 3]"
621,-19.43,17.78,339,7703036,22722,"[791, 394]"
622,49.22,15.0,759,3460564,4559,"[171, 834, 888]"
623,4.4,-65.55,540,6974784,12916,"[515, 820, 508]"
624,-82.13,47.57,996,3591938,3606,"[985, 596, 496]"
625,69.24,-131.38,68,7078302,104092,"[240, 278, 319]"
626,48.37,98.98,45,2977479,66166,[214]
627,81.67,56.49,539,6911170,12822,[796]
628,-63.14,-35.46,259,3664267,14147,"[247, 757]"
629,-11.2,-84.15,915,6479819,7081,"[968, 718, 172]"
630,-30.99,-172.74,667,3016810,4522,[698]
631,46.46,-1.1,947,9069306,9576,"[356, 842, 953]"
632,-37.96,173.89,737,4091487,5551,[12]
633,-45.89,-64.33,538,8737215,16240,"[75, 371, 271]"
634,-67.8,-104.57,158,8355426,52882,"[464, 833]"
635,-51.09,-16.04,440,5032332,11437,"[915, 667, 570]"
636,-12.23,-169.32,792,2901107,3663,"[954, 233]"
637,11.32,15.98,20,4623620,231181,"[782, 378, 830]"
638,87.47,38.01,318,1801125,5663,[62]
639,39.91,-83.71,849,592640,698,"[676, 927]"
640,32.69,67.03,761,109556,143,"[549, 995, 838]"
641,61.85,60.72,496,8143535,16418,"[912, 119]"
642,-35.19,85.62,280,9551061,34110,[691]
643,74.6,106.83,109,7124812,65365,"[249, 453, 395]"
644,11.96,73.45,647,5187349,8017,"[417, 163, 465]"
645,-18.22,-87.77,413,6429331,15567,[718]
646,63.64,138.2,903,8976433,9940,"[553, 732]"
647,-7.68,-33.34,95,6951822,73177,"[661, 226, 268]"
648,11.29,175.89,270,8873625,32865,[926]
649,81.33,-22.52,194,3315525,17090,"[902, 39]"
650,23.01,-170.8,426,9794312,22991,"[38, 181]"
651,-42.43,-108.33,690,9556566,13850,"[409, 675]"
652,-54.34,0.31,241,2680514,11122,"[48, 458, 966]"
653,-62.22,54.13,901,8864344,9838,[398]
654,80.65,-4.23,659,7939910,12048,[649]
655,-21.64,167.3,368,8989159,24427,"[60, 976]"
656,79.11,-47.68,460,3274874,7119,"[949, 989]"
657,-1.06,138.62,19,3101725,163248,"[328, 589]"
658,-62.93,-145.57,735,604834,822,"[81, 599, 822]"
659,5.81,52.85,351,3803681,10836,"[61, 265, 204]"
660,24.86,122.68,53,2085419,39347,"[399, 374]"
661,-3.27,-34.6,922,7980800,8655,"[226, 268]"
662,30.3,41.71,987,2089606,2117,[961]
663,9.11,98.39,657,6432869,9791,"[192, 712]"
664,51.25,-63.93,781,7593516,9722,[919]
665,9.84,-8.64,667,2565370,3846,[314]
666,62.86,-48.15,637,8113680,12737,"[383, 104]"
667,-53.18,-13.59,993,5874194,5915,"[635, 915, 570]"
668,76.16,-95.91,369,7002149,18976,"[746, 761]"
669,65.58,-21.76,820,6885637,8397,"[535, 904, 244]"
670,35.8,-90.61,960,6761421,7043,"[927, 676]"
671,54.72,78.61,995,7989278,8029,[960]
672,-64.56,135.83,604,8248973,13657,"[973, 211]"
673,-22.85,128.37,466,3669330,7874,"[862, 792, 864]"
674,61.75,73.53,86,5368509,62424,"[960, 912, 298]"
675,-36.69,-107.32,983,339849,345,[651]
676,36.34,-88.17,569,8828736,15516,[927]
677,33.05,22.22,283,1671721,5907,"[759, 872, 683]"
678,-29.41,166.7,104,4531699,43574,[586]
679,-29.82,87.75,385,9313738,24191,[295]
680,73.71,15.76,694,9536401,13741,[521]
681,-55.92,-142.38,595,533055,895,"[106, 296]"
682,23.85,157.57,213,2938600,13796,[832]
683,30.22,12.27,232,5069550,21851,[872]
684,70.23,-79.48,165,434553,2633,"[147, 555, 747]"
685,-3.67,28.84,828,2912721,3517,[905]
686,-13.02,52.7,918,2126423,2316,"[929, 93]"
687,30.12,-155.71,805,2299664,2856,"[727, 19, 531]"
688,45.19,-18.87,242,5353502,22121,"[972, 160]"
689,33.86,141.75,657,768084,1169,[999]
690,23.06,-62.35,591,3665361,6201,"[475, 710, 53]"
691,-34.8,83.16,883,3627084,4107,"[642, 219]"
692,-48.59,150.32,676,3647039,5395,"[284, 858, 793]"
693,-4.77,61.71,145,6056794,41770,[740]
694,66.55,-115.06,490,963880,1967,"[319, 542]"
695,-28.1,25.11,463,6011161,12983,"[474, 107, 791]"
696,-86.18,-122.26,410,654709,1596,[8]
697,-39.6,-93.56,623,6591847,10580,"[497, 562]"
698,-29.55,-174.96,13,4182209,321708,"[630, 502, 408]"
699,1.1,-144.16,542,4246128,7834,"[90, 920]"
700,-16.77,-63.59,281,4641200,16516,"[18, 557, 607]"
701,-45.84,-140.17,784,4859430,6198,"[801, 982, 716]"
702,23.4,106.11,453,201019,443,"[488, 828, 402]"
703,-81.55,19.26,85,2180972,25658,"[120, 604, 309]"
704,54.93,156.39,341,2864861,8401,"[844, 315, 280]"
705,-9.46,34.62,254,9282488,36545,"[490, 744]"
706,67.66,159.32,822,9257391,11262,"[34, 477, 715]"
707,-41.88,-77.55,235,4796064,20408,[178]
708,59.61,-50.69,304,2201033,7240,[383]
709,15.31,-85.43,176,541264,3075,"[71, 789, 812]"
710,27.26,-67.8,252,6387589,25347,[224]
711,-31.27,132.4,134,7201089,53739,"[341, 867, 136]"
712,14.16,90.42,478,5083730,10635,"[848, 435]"
713,54.35,93.47,532,1540305,2895,[154]
714,61.89,-146.97,61,6806869,111588,"[274, 548, 88]"
715,72.16,154.08,378,6644618,17578,[56]
716,-43.63,-147.29,355,7354477,20716,"[731, 85]"
717,76.84,-79.87,182,3044588,16728,"[761, 993]"
718,-13.3,-91.08,697,1643775,2358,"[645, 629, 942]"
719,-23.35,-18.15,378,8545237,22606,"[400, 145, 975]"
720,-74.81,163.23,256,1344349,5251,"[162, 892, 877]"
721,23.5,-95.18,310,6409669,20676,"[450, 67, 559]"
722,-68.8,117.35,23,3798363,165146,"[130, 123]"
723,-62.35,48.59,842,6304271,7487,"[358, 398, 653]"
724,-67.33,91.4,210,4023412,19159,[984]
725,68.83,144.15,597,9201406,15412,"[922, 863, 56]"
726,54.63,2.95,213,1556983,7309,"[351, 92, 805]"
727,31.98,-154.44,411,477498,1161,"[687, 205]"
728,-31.12,-19.6,910,9427936,10360,"[4, 400]"
729,23.12,43.85,869,3670927,4224,[86]
730,0.82,-78.77,238,6617029,27802,"[440, 326]"
731,-46.44,-151.3,527,7435049,14108,[68]
732,61.86,146.37,425,7210600,16966,[752]
733,-63.66,66.63,437,1316182,3011,"[895, 425, 69]"
734,-1.34,-159.19,699,540239,772,"[413, 233]"
735,-54.4,89.87,964,5089825,5279,"[286, 974]"
736,7.66,-79.16,629,3439480,5468,"[445, 812, 789]"
737,12.84,178.02,692,1524427,2202,"[926, 411, 648]"
738,7.49,-168.35,131,2825537,21568,"[281, 262]"
739,-0.31,106.3,249,3112121,12498,"[444, 339, 272]"
740,-8.46,64.79,781,6917575,8857,"[693, 93]"
741,19.28,173.26,370,2267019,6127,"[207, 978]"
742,76.01,153.63,404,1767256,4374,"[504, 803, 930]"
743,12.93,-96.87,744,9309023,12512,"[559, 67, 191]"
744,-14.15,36.3,532,9361995,17597,[490]
745,-28.85,-10.77,490,9613171,19618,"[837, 400]"
746,73.01,-95.86,859,6564734,7642,"[747, 668]"
747,72.49,-88.47,590,7613552,12904,[555]
748,-76.09,-83.85,994,3384999,3405,"[522, 304]"
749,-32.03,43.67,463,5589756,12072,"[321, 826]"
750,-9.22,166.41,995,893504,897,"[359, 317, 235]"
751,-87.42,-59.6,824,4387090,5324,[492]
752,60.14,144.56,981,222000,226,"[732, 315, 771]"
753,85.02,-156.05,353,994981,2818,"[917, 423]"
754,-46.49,15.58,103,4084328,39653,[127]
755,73.08,-115.76,80,2951804,36897,"[278, 240]"
756,67.1,-9.6,675,4517956,6693,[424]
757,-63.53,-26.1,140,5209453,37210,"[628, 876, 386]"
758,-23.21,-129.72,155,482627,3113,"[406, 568, 252]"
759,30.47,20.97,555,3865253,6964,[677]
760,-45.72,177.27,368,7846219,21321,"[376, 592, 223]"
761,78.85,-84.45,333,2295008,6891,"[993, 717, 63]"
762,-67.46,53.61,896,6249528,6974,"[795, 895]"
763,-45.64,56.07,878,8671866,9876,"[990, 7, 443]"
764,-10.25,115.97,28,7512778,268313,[125]
765,8.31,-106.88,717,9164362,12781,"[327, 113]"
766,63.02,41.06,170,1579869,9293,[845]
767,-17.77,85.18,267,3986845,14932,[903]
768,-67.33,-130.29,858,2909707,3391,[577]
769,-0.63,-13.9,674,4994250,7409,"[997, 573, 495]"
770,-85.26,157.06,325,8880092,27323,"[924, 352, 600]"
771,59.13,137.39,986,9221556,9352,"[752, 646]"
772,57.87,120.95,423,5460714,12909,"[255, 110]"
773,-37.6,127.21,33,2814360,85283,[362]
774,89.7,108.59,565,6405208,11336,"[139, 354, 955]"
775,-6.0,-141.61,222,8835455,39799,"[90, 520]"
776,47.72,72.46,809,9046753,11182,[671]
777,21.17,81.8,786,4052731,5156,[132]
778,-5.03,131.42,624,3994462,6401,[232]
779,-16.87,-111.04,14,1161471,82962,[874]
780,-56.35,67.15,972,6060306,6234,[121]
781,52.57,-106.55,536,9112136,17000,"[513, 20, 827]"
782,16.29,22.94,882,7056223,8000,[174]
783,63.53,175.61,350,9447997,26994,[584]
784,69.34,-44.78,696,9485159,13628,"[396, 391, 297]"
785,-56.86,-157.85,380,1547785,4073,[822]
786,18.78,150.63,789,4353017,5517,"[367, 345, 682]"
787,6.07,-72.49,875,342748,391,"[820, 515, 326]"
788,-26.52,-56.68,804,8332693,10364,[329]
789,11.86,-82.44,733,5409091,7379,"[812, 709, 736]"
790,-26.73,-148.33,367,6869450,18717,"[809, 878]"
791,-21.9,22.4,806,7410726,9194,[394]
792,-25.15,123.01,671,6704888,9992,[673]
793,-48.13,141.35,624,2519523,4037,"[284, 692, 379]"
794,-69.98,159.39,974,8930606,9169,[478]
795,-65.71,46.84,520,9202603,17697,"[358, 762]"
796,81.05,57.86,55,3655320,66460,"[627, 72, 307]"
797,-88.58,-71.73,531,7493342,14111,"[437, 487]"
798,-69.86,138.65,14,8020399,572885,[3]
799,87.56,163.07,363,6532848,17996,[349]
800,75.58,-69.58,455,1291296,2838,"[717, 14, 277]"
801,-49.39,-138.87,760,8368791,11011,"[25, 701]"
802,-14.06,128.31,632,559878,885,"[83, 862]"
803,73.83,145.97,163,595204,3651,"[715, 56, 742]"
804,-37.62,21.78,332,2155258,6491,"[554, 107, 939]"
805,56.67,-6.37,619,9539185,15410,"[351, 92, 726]"
806,-14.31,-9.86,220,2162485,9829,"[913, 608]"
807,27.47,165.01,610,2143607,3514,[832]
808,-62.54,-82.38,251,3944486,15715,"[534, 946, 84]"
809,-26.62,-153.0,212,678545,3200,"[878, 790]"
810,75.29,-173.17,292,8667638,29683,"[344, 324]"
811,16.92,134.22,802,1743666,2174,[31]
812,11.02,-78.59,172,4744396,27583,"[736, 789]"
813,46.89,-52.74,502,4760143,9482,[366]
814,-54.72,177.74,284,9405673,33118,"[945, 42, 558]"
815,-14.7,27.57,694,8030318,11571,"[394, 490]"
816,36.23,119.54,123,3505719,28501,"[615, 0]"
817,-59.05,-169.6,696,637356,915,[822]
818,-29.53,114.7,550,4586021,8338,"[613, 792]"
819,25.26,-137.19,535,4348755,8128,"[988, 552, 155]"
820,8.25,-69.0,438,5271582,12035,"[515, 787, 623]"
821,-36.39,-46.29,705,8175921,11597,[890]
822,-60.5,-158.29,294,3052015,10381,[785]
823,26.85,-132.14,801,7321104,9139,"[155, 819]"
824,-84.15,-52.77,35,1243915,35540,"[302, 492, 185]"
825,77.58,76.83,273,1319379,4832,"[501, 72, 796]"
826,-29.05,40.87,388,7303894,18824,"[321, 749, 494]"
827,55.38,-93.83,42,8697656,207087,[436]
828,18.78,98.83,139,6853709,49307,"[488, 192]"
829,-59.09,-117.57,390,154582,396,[215]
830,14.99,5.58,79,1975675,25008,[322]
831,15.4,-111.6,931,2053172,2205,"[113, 279, 23]"
832,26.73,157.47,871,1908024,2190,"[682, 807]"
833,-67.53,-100.76,464,1456201,3138,[847]
834,42.8,15.86,331,1611179,4867,"[888, 189, 622]"
835,2.91,-54.08,769,6016375,7823,"[79, 623, 865]"
836,-33.75,-24.92,378,9672364,25588,[4]
837,-29.76,-5.37,551,9237716,16765,"[57, 745]"
838,26.03,58.89,131,6855250,52330,"[995, 308]"
839,-19.99,47.35,233,5276724,22646,"[887, 987]"
840,34.14,-124.51,200,9155443,45777,"[603, 256, 17]"
841,-15.27,118.64,391,8130753,20794,"[275, 764]"
842,44.47,2.77,847,9183084,10841,[356]
843,38.16,44.36,386,5634254,14596,[485]
844,59.43,153.71,675,4342241,6432,[315]
845,65.11,40.5,925,4319125,4669,"[766, 257]"
846,57.19,18.21,432,6494425,15033,[171]
847,-67.21,-98.13,436,8121963,18628,"[833, 634]"
848,18.71,87.67,416,265327,637,"[435, 712, 777]"
849,65.82,82.23,796,8461216,10629,"[882, 298]"
850,12.18,-29.3,451,3997475,8863,"[316, 238, 80]"
851,52.06,-34.37,176,3908582,22207,"[928, 44]"
852,-4.45,-128.48,940,6540014,6957,[957]
853,63.4,120.6,495,85741,173,"[51, 97, 255]"
854,78.79,123.05,952,4283330,4499,"[453, 901, 395]"
855,-26.33,-53.65,494,2470052,5000,[788]
856,-35.89,-35.26,10,1850721,185072,[416]
857,-60.92,19.73,424,4190446,9883,[507]
858,-49.73,157.88,698,7739787,11088,"[971, 471]"
859,44.81,-148.8,317,3589522,11323,[54]
860,71.94,-46.18,156,9573859,61370,[391]
861,18.88,-134.93,939,1302084,1386,"[26, 155]"
862,-19.78,125.65,291,7090664,24366,"[673, 792, 802]"
863,70.91,143.76,827,2400211,2902,"[922, 56]"
864,-22.3,136.12,695,7301007,10505,"[582, 202]"
865,-7.91,-49.94,332,887660,2673,"[218, 2, 164]"
866,-6.1,1.23,563,4303907,7644,"[533, 456]"
867,-33.8,128.69,727,7756355,10668,"[341, 773]"
868,43.41,-139.67,245,4415755,18023,"[457, 54, 859]"
869,-12.55,172.14,450,3332708,7406,[235]
870,39.18,-163.0,143,7189698,50277,[389]
871,-50.95,-81.49,266,1584878,5958,"[178, 969]"
872,33.06,13.02,557,1587210,2849,"[683, 421, 759]"
873,-65.03,161.63,432,7161226,16576,[478]
874,-21.65,-103.54,425,250881,590,"[519, 942, 392]"
875,-62.36,-98.81,287,7371457,25684,[84]
876,-65.81,-17.26,944,3570547,3782,"[964, 386]"
877,-78.1,164.24,490,5931823,12105,[200]
878,-29.7,-155.04,657,1682506,2560,[809]
879,1.63,27.65,958,5641716,5889,"[898, 685, 905]"
880,-9.92,-12.55,87,924179,10622,"[806, 997]"
881,-45.58,-18.59,776,38748,49,[915]
882,66.13,85.93,120,3704455,30870,"[849, 593, 960]"
883,-37.22,141.98,31,8413649,271408,"[261, 918]"
884,-72.13,-42.35,539,2720002,5046,"[361, 210]"
885,88.29,123.61,57,8164612,143238,"[451, 354]"
886,38.75,80.55,854,6781249,7940,"[156, 587, 549]"
887,-17.99,46.98,231,4378571,18954,"[839, 987, 686]"
888,42.83,13.61,198,237491,1199,"[189, 834, 622]"
889,51.47,39.5,222,7736319,34848,[536]
890,-33.37,-45.18,556,6470813,11638,"[821, 526, 332]"
891,9.81,108.71,262,4900098,18702,[192]
892,-75.66,174.15,364,6636376,18231,[162]
893,72.41,-49.85,971,9768932,10060,"[860, 391]"
894,-84.01,90.2,618,435566,704,"[134, 965, 985]"
895,-64.42,58.41,698,4842154,6937,"[653, 762, 733]"
896,6.56,-41.36,594,8991801,15137,[375]
897,-59.05,155.8,774,6150139,7945,"[873, 471, 620]"
898,4.49,30.2,576,132654,230,"[879, 50, 685]"
899,80.24,20.77,14,7425177,530369,"[116, 654]"
900,-38.47,8.6,32,8886379,277699,"[109, 369]"
901,81.81,121.53,235,5769975,24553,"[854, 209, 288]"
902,80.58,-23.7,839,8591189,10239,"[649, 39]"
903,-14.69,84.88,648,8772155,13537,"[767, 33, 353]"
904,63.76,-23.27,678,2238018,3300,[535]
905,-4.68,26.58,996,9139778,9176,[685]
906,17.55,-148.34,113,9357065,82805,[382]
907,53.12,-47.3,940,822263,874,"[366, 932, 253]"
908,66.2,171.58,285,3695035,12965,"[783, 584]"
909,-79.44,-31.12,132,3679709,27876,[994]
910,5.89,-136.11,944,9739385,10317,"[239, 32, 920]"
911,-1.61,115.9,834,907067,1087,"[125, 764]"
912,62.88,68.67,894,8698489,9729,[674]
913,-15.56,-13.61,140,5650860,40363,"[806, 608, 940]"
914,35.01,-175.82,247,7671047,31056,"[446, 187, 459]"
915,-49.24,-15.72,370,5680811,15353,[635]
916,40.5,52.02,308,9195652,29856,[124]
917,85.83,-142.21,80,8628277,107853,"[423, 753]"
918,-33.85,143.48,390,1169302,2998,"[883, 261]"
919,49.06,-69.39,672,612043,910,[505]
920,6.26,-143.62,496,4401539,8874,[580]
921,-65.22,-46.65,818,7210220,8814,"[588, 210]"
922,70.5,143.08,670,1144449,1708,"[863, 725]"
923,-34.36,-117.94,105,7228217,68840,[87]
924,-82.89,167.86,173,7881592,45558,"[770, 200, 877]"
925,-87.2,-15.83,324,3925178,12114,[575]
926,11.55,177.54,918,5912741,6440,"[737, 648]"
927,35.97,-88.31,50,2580298,51605,"[676, 670, 639]"
928,50.1,-37.61,837,1289852,1541,"[932, 851]"
929,-8.99,53.36,65,8786654,135179,"[686, 118]"
930,77.3,138.56,53,5223665,98559,"[504, 854]"
931,68.46,-60.46,535,6347589,11864,[243]
932,49.17,-39.92,332,2267720,6830,"[928, 851, 907]"
933,23.11,33.37,385,4263169,11073,"[267, 86, 729]"
934,59.5,-94.57,398,898218,2256,[126]
935,64.88,-73.06,666,5807233,8719,"[188, 684]"
936,-75.54,61.62,578,1223403,2116,[258]
937,45.13,-93.28,870,1963542,2256,"[422, 609]"
938,24.23,-88.04,279,6540358,23442,"[137, 196]"
939,-38.75,28.07,333,539213,1619,[554]
940,-12.93,-18.79,513,6887415,13425,"[913, 880]"
941,-70.18,-102.51,393,8361390,21275,[464]
942,-17.39,-99.81,166,3730780,22474,"[519, 874]"
943,88.46,-139.53,47,7227442,153775,"[618, 955, 354]"
944,-80.51,-56.82,12,6389617,532468,[994]
945,-55.64,168.91,785,3473425,4424,[42]
946,-62.29,-75.84,872,6322282,7250,"[534, 808, 509]"
947,2.08,-22.59,502,1102898,2197,"[80, 1, 769]"
948,46.53,110.19,421,8951351,21262,"[214, 182]"
949,78.12,-47.75,832,6425409,7722,"[656, 989, 277]"
950,-14.49,-39.19,843,2731110,3239,[2]
951,67.08,-97.84,325,5262040,16190,"[545, 473, 147]"
952,41.56,-57.13,13,7333363,564104,"[565, 813, 203]"
953,42.08,3.11,920,2706002,2941,"[842, 356]"
954,-14.54,-175.11,937,285479,304,"[636, 241]"
955,89.69,-35.35,551,5208299,9452,[550]
956,37.24,-38.29,626,3619664,5782,"[431, 98, 415]"
957,-11.05,-127.17,545,8868527,16272,[418]
958,4.21,-122.3,46,3152504,68532,[195]
959,85.45,17.95,194,9803820,50535,"[605, 62, 638]"
960,62.23,78.29,692,2072572,2995,"[674, 849, 912]"
961,32.05,43.41,431,8393050,19473,"[662, 611]"
962,-72.09,-142.47,646,6639780,10278,"[285, 528, 524]"
963,-76.78,126.3,7,3329877,475696,"[123, 532, 99]"
964,-65.99,-9.92,967,4771747,4934,"[876, 438]"
965,-86.91,71.02,222,3316835,14940,"[111, 134, 176]"
966,-61.92,-0.13,734,8441137,11500,"[458, 6]"
967,-77.62,-65.62,841,915957,1089,"[30, 994]"
968,-14.47,-80.72,999,4317598,4321,"[629, 645, 172]"
969,-53.48,-89.02,201,4715402,23459,"[301, 871]"
970,10.03,-12.58,903,798639,884,[66]
971,-51.44,159.73,766,9053151,11818,"[471, 858]"
972,46.05,-13.49,462,6748054,14606,"[320, 688]"
973,-64.17,136.82,139,5056270,36376,[672]
974,-59.11,97.65,911,8156880,8953,"[612, 286]"
975,-22.43,-26.41,696,8341708,11985,"[357, 145, 719]"
976,-22.69,162.32,755,220589,292,[655]
977,-7.83,-148.31,672,3373827,5020,[105]
978,17.82,170.69,650,2648838,4075,[454]
979,74.87,-31.37,192,2300979,11984,"[989, 949, 860]"
980,1.18,92.35,531,3093537,5825,[272]
981,-45.82,110.97,30,6650472,221682,"[493, 476, 566]"
982,-40.42,-139.56,93,8247662,88684,"[701, 85]"
983,-16.37,72.07,95,5170152,54422,"[397, 263]"
984,-68.8,88.5,322,2048735,6362,[724]
985,-83.63,45.67,222,8844690,39840,[596]
986,-88.11,-7.83,21,5787685,275604,"[222, 925]"
987,-21.75,41.5,244,492666,2019,"[461, 839, 887]"
988,26.7,-138.13,648,5333134,8230,"[819, 552]"
989,79.37,-34.92,993,8227930,8285,[902]
990,-45.92,49.37,936,1686272,1801,"[763, 7]"
991,-44.13,119.56,650,7407545,11396,"[149, 566, 13]"
992,3.61,177.39,759,2059948,2714,"[530, 175]"
993,79.39,-77.37,722,2082883,2884,"[761, 619, 717]"
994,-79.38,-51.81,574,979109,1705,"[944, 967, 909]"
995,28.37,59.18,474,3331214,7027,"[838, 308, 640]"
996,-75.34,74.77,980,7413416,7564,"[258, 157, 108]"
997,-4.55,-12.88,881,4368577,4958,"[769, 880, 456]"
998,23.72,0.06,461,6959852,15097,"[55, 322]"
999,34.11,141.29,29,5110841,176235,"[689, 220]"
